Year,Lat,Lon,Lepto_Y_N
2017,-26.936,30.875,No Leptocybe
2017,-26.81120991,30.55521318,No Leptocybe
2017,-26.80226445,30.57581617,No Leptocybe
2017,-26.827,30.518,No Leptocybe
2017,-27.44858478,30.81726064,No Leptocybe
2017,-26.83820928,30.64994009,No Leptocybe
2017,-27.52711699,30.80250927,No Leptocybe
2017,-26.9444739,30.83029605,No Leptocybe
2017,-26.74897802,30.62821824,No Leptocybe
2017,-27.61856351,30.82535647,No Leptocybe
2017,-27.8600707,31.05239145,No Leptocybe
2017,-27.46308308,30.67725881,No Leptocybe
2017,-27.81127582,31.30247689,No Leptocybe
2017,-27.54843335,30.50284878,No Leptocybe
2017,-27.145,30.958,No Leptocybe
2017,-27.29819853,30.73846229,No Leptocybe
2017,-27.43170959,30.49571612,No Leptocybe
2016,-29.3928769,30.10567015,No Leptocybe
2016,-29.2510522,30.20533515,No Leptocybe
2016,-30.2209596,30.7796729,No Leptocybe
2016,-30.32875549,30.56371887,No Leptocybe
2016,-30.29986405,30.4375969,No Leptocybe
2016,-29.75000891,29.76455069,No Leptocybe
2016,-29.77662891,29.76596125,No Leptocybe
2016,-29.33738069,30.39185685,No Leptocybe
2016,-29.33443067,30.39444225,No Leptocybe
2016,-29.89710321,29.9102766,No Leptocybe
2016,-29.84861,29.924683,No Leptocybe
2016,-28.97352925,30.62796342,No Leptocybe
2016,-29.30969023,30.2002407,No Leptocybe
2016,-29.91019576,29.8147508,No Leptocybe
2016,-29.95474984,29.76520393,No Leptocybe
2016,-29.83198246,29.6984222,No Leptocybe
2016,-29.83617846,29.69376422,No Leptocybe
2016,-29.97086333,30.06802614,No Leptocybe
2016,-29.95652629,30.03814281,No Leptocybe
2016,-25.79536896,30.87979024,No Leptocybe
2016,-25.7348344,30.77661237,No Leptocybe
2016,-25.56635394,30.6557447,No Leptocybe
2016,-25.56853903,30.51570958,No Leptocybe
2016,-30.67936872,29.84410371,No Leptocybe
2016,-30.70370298,29.85718209,No Leptocybe
2016,-30.67896478,29.87350144,No Leptocybe
2016,-25.52640035,30.29276969,No Leptocybe
2016,-30.33852525,30.21324452,No Leptocybe
2016,-30.35448211,30.21016682,No Leptocybe
2016,-30.19995612,30.22593243,No Leptocybe
2016,-25.77875611,31.21409506,No Leptocybe
2016,-26.96725,30.689221,No Leptocybe
2016,-26.945149,30.541308,No Leptocybe
2016,-29.20742202,30.51712313,No Leptocybe
2016,-29.20949901,30.42674422,No Leptocybe
2016,-24.92567717,31.0259075,No Leptocybe
2016,-25.61371642,30.8217603,No Leptocybe
2016,-25.83002528,30.5118786,No Leptocybe
2016,-29.62917964,30.0820333,No Leptocybe
2016,-25.3268045,30.74269727,No Leptocybe
2016,-26.516761,30.723006,No Leptocybe
2016,-26.49999202,30.5954626,No Leptocybe
2016,-26.635907,30.781232,No Leptocybe
2016,-29.82957024,30.14220874,No Leptocybe
2016,-29.91243373,30.20407691,No Leptocybe
2016,-30.00235061,30.41794719,No Leptocybe
2016,-26.12800736,30.27736212,No Leptocybe
2016,-26.12640783,30.34229053,No Leptocybe
2016,-26.146827,30.45733,No Leptocybe
2016,-30.38511185,30.39498211,No Leptocybe
2016,-28.52573608,32.2678306,No Leptocybe
2016,-29.45837512,30.20234806,No Leptocybe
2016,-25.73638712,30.67706033,No Leptocybe
2016,-25.75150787,30.55351906,No Leptocybe
2016,-30.08594778,29.95761906,No Leptocybe
2016,-30.06055514,30.00501903,No Leptocybe
2016,-30.15236741,30.04315898,No Leptocybe
2016,-28.56187539,32.08055947,No Leptocybe
2016,-29.66624449,29.76260055,No Leptocybe
2016,-29.63828083,29.56273279,No Leptocybe
2016,-25.01073796,30.94561678,No Leptocybe
2016,-24.86485183,30.9442475,No Leptocybe
2016,-29.52015014,30.55760696,No Leptocybe
2016,-29.05442999,29.47903171,No Leptocybe
2016,-26.343491,30.549087,No Leptocybe
2016,-26.37315321,30.65802921,No Leptocybe
2016,-27.0697,30.5595,No Leptocybe
2017,-26.1752,30.73384,No Leptocybe
2017,-26.2059,30.59729,No Leptocybe
2018,-24.994,30.933,No Leptocybe
2018,-24.87040626,30.93363836,No Leptocybe
2018,-29.4386046,30.24287247,No Leptocybe
2018,-23.77879722,30.17348333,No Leptocybe
2018,-29.61760514,30.12874733,No Leptocybe
2018,-26.77095936,30.58176676,No Leptocybe
2018,-26.62722107,30.76714171,No Leptocybe
2018,-30.40322557,30.43548341,No Leptocybe
2018,-25.7554145,30.55682517,No Leptocybe
2018,-29.39205555,30.37553921,No Leptocybe
2018,-27.03371111,30.949625,No Leptocybe
2018,-26.4586101,30.65943084,No Leptocybe
2018,-29.883,30.168,No Leptocybe
2018,-27.15598889,30.86680278,No Leptocybe
2018,-30.339,30.537,No Leptocybe
2018,-29.75496014,29.77666388,No Leptocybe
2018,-29.31681494,30.14933097,No Leptocybe
2018,-29.814,30.21,No Leptocybe
2018,-29.90598362,29.79073775,No Leptocybe
2018,-25.26789949,30.83851198,No Leptocybe
2018,-26.62757424,30.48566651,No Leptocybe
2018,-29.977,30.072,No Leptocybe
2018,-30.04654813,29.92998357,No Leptocybe
2018,-25.81794515,30.89350745,No Leptocybe
2018,-25.72954699,30.83393106,No Leptocybe
2018,-23.72014444,30.21509444,No Leptocybe
2018,-30.68149395,29.85088812,No Leptocybe
2018,-25.55699362,30.28063495,No Leptocybe
2018,-25.59709888,30.29049238,No Leptocybe
2018,-25.49810165,30.40527778,No Leptocybe
2018,-30.1773786,30.26400517,No Leptocybe
2018,-27.00739362,30.5594124,No Leptocybe
2018,-29.23171515,30.36803994,No Leptocybe
2018,-27.5994855,30.83981673,No Leptocybe
2018,-25.49680547,30.61801936,No Leptocybe
2018,-30.62997506,30.00418524,No Leptocybe
2018,-25.74615252,30.875239,No Leptocybe
2018,-24.9314447,31.00368048,No Leptocybe
2018,-31.487878,28.446627,No Leptocybe
2018,-25.5614102,30.87535808,No Leptocybe
2018,-25.61415622,30.82331748,No Leptocybe
2018,-29.731526,30.26957646,No Leptocybe
2018,-31.41269,28.596185,No Leptocybe
2018,-29.19465513,30.64859002,No Leptocybe
2018,-25.90767989,30.8837252,No Leptocybe
2018,-29.24606612,30.18744487,No Leptocybe
2018,-27.45901846,30.66863586,No Leptocybe
2018,-31.404468,28.754948,No Leptocybe
2018,-25.22981183,31.05931218,No Leptocybe
2018,-25.34029763,30.77358309,No Leptocybe
2018,-27.52769496,30.50692352,No Leptocybe
2018,-26.46273849,30.66792587,No Leptocybe
2018,-26.54452881,30.67985271,No Leptocybe
2018,-29.926,30.192,No Leptocybe
2018,-26.126,30.307,No Leptocybe
2018,-26.14970991,30.33963418,No Leptocybe
2018,-26.15427592,30.32695655,No Leptocybe
2018,-26.06766768,30.34010071,No Leptocybe
2018,-26.00736088,30.26199775,No Leptocybe
2018,-29.24925967,30.51885859,No Leptocybe
2018,-30.14715136,29.93978922,No Leptocybe
2018,-30.08435072,30.02966632,No Leptocybe
2018,-25.72442059,30.36841337,No Leptocybe
2018,-29.64876767,29.61680321,No Leptocybe
2018,-29.64413498,29.6567481,No Leptocybe
2018,-29.64298193,29.57023603,No Leptocybe
2018,-25.001,30.931,No Leptocybe
2018,-25.0174988,30.95140014,No Leptocybe
2018,-26.93398253,30.59418006,No Leptocybe
2018,-26.93339087,30.85580362,No Leptocybe
2018,-26.9597411,30.75705393,No Leptocybe
2018,-27.34650254,30.83698376,No Leptocybe
2018,-29.53147076,30.55272446,No Leptocybe
2018,-29.02104769,29.48734713,No Leptocybe
2018,-28.91992094,29.42120463,No Leptocybe
2018,-27.215,30.977,No Leptocybe
2018,-26.30471674,30.61769422,No Leptocybe
2018,-26.40810951,30.60695168,No Leptocybe
2018,-26.406,30.673,No Leptocybe
2018,-29.09508409,30.52272315,No Leptocybe
2018,-28.54871249,31.2899093,No Leptocybe
2018,-28.68196083,31.30007742,No Leptocybe
2018,-28.516817,31.266775,No Leptocybe
2018,-28.613897,31.302324,No Leptocybe
2018,-28.905543,31.81067,No Leptocybe
2018,-28.726931,32.090785,No Leptocybe
2018,-28.650668,32.163391,No Leptocybe
2018,-28.657544,32.098475,No Leptocybe
2018,-28.587102,32.038914,No Leptocybe
2018,-28.591309,32.164521,No Leptocybe
2018,-28.59019,32.240664,No Leptocybe
2018,-28.529316,32.212647,No Leptocybe
2018,-28.524548,32.268504,No Leptocybe
2018,-28.550859,32.085372,No Leptocybe
2018,-28.349277,32.225115,No Leptocybe
2018,-28.410156,32.252981,No Leptocybe
2018,-28.104022,32.408208,No Leptocybe
2018,-28.169496,32.380385,No Leptocybe
2018,-28.254392,32.377409,No Leptocybe
2018,-28.322549,32.302792,No Leptocybe
2018,-28.197768,32.331866,No Leptocybe
2019,-28.52837823,32.25024275,No Leptocybe
2019,-25.89068412,30.38113132,No Leptocybe
2019,-30.29648694,30.43219782,No Leptocybe
2019,-28.65567072,32.10200481,No Leptocybe
2019,-23.73555556,30.06944444,No Leptocybe
2019,-29.32683646,30.38067353,No Leptocybe
2019,-29.00217049,30.60387852,No Leptocybe
2019,-28.99482565,30.67495379,No Leptocybe
2019,-29.13293351,30.74068901,No Leptocybe
2019,-28.30918523,32.33075216,No Leptocybe
2019,-29.82819884,29.69788176,No Leptocybe
2019,-28.40406205,32.25003234,No Leptocybe
2019,-30.01052888,30.05630924,No Leptocybe
2019,-30.02640197,29.94088279,No Leptocybe
2019,-23.77666667,30.16694444,No Leptocybe
2019,-26.78332852,30.47970358,No Leptocybe
2019,-25.58305804,30.32676716,No Leptocybe
2019,-30.33291838,30.21330969,No Leptocybe
2019,-30.25950851,30.16771249,No Leptocybe
2019,-30.25915983,30.17086573,No Leptocybe
2019,-30.24613862,30.26970778,No Leptocybe
2019,-25.91570141,31.09911406,No Leptocybe
2019,-25.53541351,30.86706708,No Leptocybe
2019,-29.21292487,30.55787861,No Leptocybe
2019,-29.25173791,30.58668295,No Leptocybe
2019,-26.71683675,30.61479554,No Leptocybe
2019,-28.51985805,31.24091381,No Leptocybe
2019,-28.516,31.173,No Leptocybe
2019,-28.72825951,32.11244808,No Leptocybe
2019,-28.61056943,32.17747298,No Leptocybe
2019,-28.60068449,32.1417488,No Leptocybe
2019,-24.95325681,31.01225423,No Leptocybe
2019,-27.37336358,30.85081532,No Leptocybe
2019,-26.55587271,30.69590419,No Leptocybe
2019,-29.72777709,30.24653782,No Leptocybe
2019,-28.5714137,31.307372,No Leptocybe
2019,-28.75374536,32.00332961,No Leptocybe
2019,-29.85578464,30.32711281,No Leptocybe
2019,-25.85691329,30.99027076,No Leptocybe
2019,-25.88233998,30.87293338,No Leptocybe
2019,-28.49146303,31.37723115,No Leptocybe
2019,-29.03312876,31.6764324,No Leptocybe
2019,-29.26619444,30.17658333,No Leptocybe
2019,-30.19568905,30.08294815,No Leptocybe
2019,-30.232,30.04,No Leptocybe
2019,-26.57474178,30.77588942,No Leptocybe
2019,-25.64376519,30.60035786,No Leptocybe
2019,-28.26777486,32.30715391,No Leptocybe
2019,-28.22158513,32.37752835,No Leptocybe
2019,-28.16551848,32.35603835,No Leptocybe
2019,-28.2927645,32.26447054,No Leptocybe
2019,-28.90905587,31.80492858,No Leptocybe
2019,-28.85690119,31.89474104,No Leptocybe
2019,-28.57177377,32.08862131,No Leptocybe
2019,-25.33060924,30.70839857,No Leptocybe
2019,-26.44007897,30.61565454,No Leptocybe
2019,-26.4560387,30.67404883,No Leptocybe
2019,-26.83908259,30.69996867,No Leptocybe
2019,-26.12090099,30.3737493,No Leptocybe
2019,-26.06817078,30.30950656,No Leptocybe
2019,-25.97728737,30.36142657,No Leptocybe
2019,-23.81916667,30.09638889,No Leptocybe
2019,-25.62655414,30.80450737,No Leptocybe
2019,-29.41430009,30.26925011,No Leptocybe
2019,-29.41501898,30.21272732,No Leptocybe
2019,-29.22097222,30.12619444,No Leptocybe
2019,-28.70365024,32.04787146,No Leptocybe
2019,-23.93777778,30.06333333,No Leptocybe
2019,-23.89194444,30.11388889,No Leptocybe
2019,-23.86638889,30.13527778,No Leptocybe
2019,-23.86666667,30.07916667,No Leptocybe
2019,-25.22669956,30.51678202,No Leptocybe
2019,-28.55206234,32.09250711,No Leptocybe
2019,-29.61667134,29.57120209,No Leptocybe
2019,-25.01675435,30.8825622,No Leptocybe
2019,-24.88501852,30.95863772,No Leptocybe
2019,-28.52113889,31.35336111,No Leptocybe
2019,-28.55361111,31.34013889,No Leptocybe
2019,-29.5047407,30.57527215,No Leptocybe
2019,-29.03751959,29.48471986,No Leptocybe
2019,-28.89279304,29.43135411,No Leptocybe
2019,-26.30304508,30.61894357,No Leptocybe
2019,-26.37283744,30.66726512,No Leptocybe
2020,-29.75852222,30.23073611,No Leptocybe
2020,-26.172598,30.739059,No Leptocybe
2020,-30.3017144,30.43683364,No Leptocybe
2020,-27.878797,31.069218,No Leptocybe
2020,-23.713394,30.09849,No Leptocybe
2020,-29.3881459,30.35653788,No Leptocybe
2020,-29.82761111,30.24511944,No Leptocybe
2020,-29.89833447,29.77476805,No Leptocybe
2020,-29.84629263,29.70536163,No Leptocybe
2020,-29.82620736,29.69417531,No Leptocybe
2020,-29.82397778,30.19290833,No Leptocybe
2020,-29.96569112,30.07822098,No Leptocybe
2020,-25.81851068,30.90333541,No Leptocybe
2020,-25.75420164,30.79164652,No Leptocybe
2020,-23.767794,30.148822,No Leptocybe
2020,-23.761054,30.203301,No Leptocybe
2020,-30.69549002,29.83882006,No Leptocybe
2020,-30.70275222,29.84695069,No Leptocybe
2020,-25.58696111,30.41694912,No Leptocybe
2020,-25.563636,30.30479179,No Leptocybe
2020,-30.26720534,30.29352994,No Leptocybe
2020,-26.9791593,30.68473551,No Leptocybe
2020,-29.20587444,30.3821764,No Leptocybe
2020,-28.59345276,32.16359027,No Leptocybe
2020,-24.94532041,30.97946838,No Leptocybe
2020,-27.0167596,30.91981598,No Leptocybe
2020,-25.55022814,30.83257188,No Leptocybe
2020,-28.51311854,32.21670253,No Leptocybe
2020,-31.384115,28.60558,No Leptocybe
2020,-28.57439799,31.17333007,No Leptocybe
2020,-28.49238687,31.38587927,No Leptocybe
2020,-25.64625597,30.59498271,No Leptocybe
2020,-31.42333,28.762579,No Leptocybe
2020,-31.414767,28.731964,No Leptocybe
2020,-28.33547591,32.23894483,No Leptocybe
2020,-28.37006623,32.21182935,No Leptocybe
2020,-29.62863358,30.13506487,No Leptocybe
2020,-29.61985463,30.13203434,No Leptocybe
2020,-26.01404507,30.28752703,No Leptocybe
2020,-28.56074461,32.22798494,No Leptocybe
2020,-29.22145556,30.12838611,No Leptocybe
2020,-29.10412222,30.13177778,No Leptocybe
2020,-30.07344176,30.00587181,No Leptocybe
2020,-28.66280037,32.11464773,No Leptocybe
2020,-25.70935155,30.35101509,No Leptocybe
2020,-27.857984,31.119375,No Leptocybe
2020,-24.99783892,30.96575812,No Leptocybe
2020,-24.99721147,30.89006866,No Leptocybe
2020,-24.85484294,30.97111477,No Leptocybe
2020,-30.540273,29.705818,No Leptocybe
2020,-30.59595,29.668106,No Leptocybe
2020,-27.139154,30.7872672,No Leptocybe
2020,-26.35677411,30.62996125,No Leptocybe
2020,-26.39714619,30.70641135,No Leptocybe
2020,-26.172118,30.798173,No Leptocybe
2020,-26.169616,30.796606,No Leptocybe
2021,-31.46961644,28.47164656,No Leptocybe
2021,-31.46257284,28.47276493,No Leptocybe
2021,-31.39011758,28.60617147,No Leptocybe
2021,-29.76888889,30.22805556,No Leptocybe
2021,-29.79916667,30.31861111,No Leptocybe
2021,-29.3690649,30.35375125,No Leptocybe
2021,-29.32211179,30.44614729,No Leptocybe
2021,-29.28476867,30.18809417,No Leptocybe
2021,-28.98087501,30.67068927,No Leptocybe
2021,-29.821841,30.25337,No Leptocybe
2021,-29.81332778,30.21478333,No Leptocybe
2021,-29.008831,30.950475,No Leptocybe
2021,-29.850397,30.224626,No Leptocybe
2021,-29.20720809,30.55888051,No Leptocybe
2021,-29.22196502,30.37431127,No Leptocybe
2021,-29.23143932,30.38727406,No Leptocybe
2021,-29.40472222,30.10833333,No Leptocybe
2021,-29.41805556,30.1425,No Leptocybe
2021,-29.216895,30.681009,No Leptocybe
2021,-29.841422,30.28167,No Leptocybe
2021,-29.575018,30.272732,No Leptocybe
2021,-29.323,30.477,No Leptocybe
2021,-29.293308,30.470936,No Leptocybe
2021,-29.65123804,30.06377278,No Leptocybe
2021,-29.62736453,30.13940861,No Leptocybe
2021,-29.3093,30.609786,No Leptocybe
2021,-29.92819547,30.29778881,No Leptocybe
2021,-29.319596,30.485453,No Leptocybe
2021,-29.032971,30.953495,No Leptocybe
2021,-29.190118,30.415425,No Leptocybe
2021,-29.191902,30.419258,No Leptocybe
2021,-29.869514,30.392756,No Leptocybe
2021,-28.934,29.403,No Leptocybe
2021,-28.90321347,29.41515718,No Leptocybe
2021,-28.865,29.427,No Leptocybe
2021,-23.76623741,30.2072918,No Leptocybe
2021,-25.70621725,30.82431174,No Leptocybe
2021,-25.80375255,31.16724148,No Leptocybe
2021,-25.51871487,30.8624861,No Leptocybe
2021,-25.43853233,30.60674215,No Leptocybe
2021,-24.92098345,30.97242476,No Leptocybe
2021,-25.53691155,30.84393862,No Leptocybe
2021,-25.55711906,30.81443373,No Leptocybe
2021,-25.31582859,30.73143045,No Leptocybe
2021,-25.32960401,30.72055303,No Leptocybe
2021,-25.3811597,30.73825746,No Leptocybe
2021,-24.99572573,30.91309952,No Leptocybe
2021,-25.01743907,30.85185145,No Leptocybe
2021,-27.089894,31.034865,No Leptocybe
2021,-26.69328225,30.39944508,No Leptocybe
2021,-25.80041924,31.17508585,No Leptocybe
2021,-27.029471,30.93640811,No Leptocybe
2021,-27.11169666,30.76804745,No Leptocybe
2021,-25.83296275,30.48396157,No Leptocybe
2021,-25.826,30.465,No Leptocybe
2021,-26.58241,30.759187,No Leptocybe
2021,-27.04329159,30.83068563,No Leptocybe
2021,-26.50715786,30.69437448,No Leptocybe
2021,-26.43563035,30.64986757,No Leptocybe
2021,-26.08703679,30.2715362,No Leptocybe
2021,-26.04693117,30.29214217,No Leptocybe
2021,-26.902461,30.718594,No Leptocybe
2021,-25.74171546,30.66947526,No Leptocybe
2021,-27.15962189,30.88149136,No Leptocybe
2021,-27.029542,30.582242,No Leptocybe
2021,-27.18385113,30.71912089,No Leptocybe
2021,-27.090173,30.834536,No Leptocybe
2021,-26.83674667,30.43666438,No Leptocybe
2021,-27.274724,30.7702938,No Leptocybe
2021,-26.97541587,30.82419639,No Leptocybe
2021,-27.293905,30.9419383,No Leptocybe
2021,-26.18140628,30.76909223,No Leptocybe
2021,-26.18649019,30.77689309,No Leptocybe
2021,-27.8825,31.07777778,No Leptocybe
2021,-27.546533,30.816228,No Leptocybe
2021,-27.4784848,30.6570486,No Leptocybe
2021,-27.32508085,30.6243387,No Leptocybe
2021,-27.85611111,31.13055556,No Leptocybe
2021,-27.87972222,31.29944444,No Leptocybe
2021,-29.85848436,29.91833226,No Leptocybe
2021,-29.96225242,30.0775719,No Leptocybe
2021,-29.8820787,29.79047303,No Leptocybe
2021,-29.87457574,29.75993771,No Leptocybe
2021,-30.17087104,30.02285354,No Leptocybe
2021,-28.527003,32.246258,No Leptocybe
2021,-28.3081,32.32748,No Leptocybe
2021,-28.300398,32.301896,No Leptocybe
2021,-28.562719,32.132158,No Leptocybe
2021,-28.638494,32.140549,No Leptocybe
2021,-28.583884,32.199331,No Leptocybe
2021,-28.57085706,32.1616438,No Leptocybe
2021,-28.698866,32.083284,No Leptocybe
2021,-28.52908311,32.18733641,No Leptocybe
2021,-29.018277,31.698435,No Leptocybe
2021,-28.284851,32.32258,No Leptocybe
2021,-28.227455,32.353557,No Leptocybe
2021,-28.217126,32.398189,No Leptocybe
2021,-28.155087,32.398189,No Leptocybe
2021,-28.34011373,32.24730865,No Leptocybe
2021,-28.880461,31.881167,No Leptocybe
2021,-28.896937,31.856325,No Leptocybe
2021,-28.589467,32.082864,No Leptocybe
2021,-28.56618167,32.20743017,No Leptocybe
2021,-29.015435,31.664627,No Leptocybe
2021,-28.65981055,32.08178492,No Leptocybe
2021,-28.66743266,32.09805236,No Leptocybe
2021,-28.543,32.112,No Leptocybe
2017,-31.58705735,28.40161596,Leptocybe
2017,-23.90490945,30.10691722,Leptocybe
2017,-23.73514156,30.06289282,Leptocybe
2017,-23.73496021,30.12900605,Leptocybe
2017,-23.76546882,30.19955242,Leptocybe
2017,-30.53985787,29.72570636,Leptocybe
2017,-31.4015185,28.78020118,Leptocybe
2017,-23.80743436,30.07531095,Leptocybe
2017,-30.62657568,29.69023633,Leptocybe
2017,-30.49921038,29.73530358,Leptocybe
2017,-27.09226593,30.81187228,Leptocybe
2017,-27.04754997,30.59686636,Leptocybe
2017,-27.35195155,30.93345312,Leptocybe
2017,-26.85676983,30.78084817,Leptocybe
2017,-27.86268,31.009447,Leptocybe
2017,-26.66735688,30.48606326,Leptocybe
2017,-26.74639221,30.61736189,Leptocybe
2017,-27.86241,31.05099,Leptocybe
2017,-26.89262718,30.83983174,Leptocybe
2017,-27.78964,31.24806,Leptocybe
2017,-27.555,30.508,Leptocybe
2017,-26.94169188,30.60235874,Leptocybe
2016,-29.31895482,30.21087552,Leptocybe
2016,-29.30010721,30.15109939,Leptocybe
2016,-28.61715783,32.17558104,Leptocybe
2016,-28.63190695,32.03695645,Leptocybe
2016,-28.68764563,32.09399321,Leptocybe
2017,-27.9092,30.60267,Leptocybe
2017,-27.552,30.73817,Leptocybe
2017,-27.1378,30.98783,Leptocybe
2017,-27.267,31.01917,Leptocybe
2017,-27.9852,30.8765,Leptocybe
2018,-30.01347046,29.77415312,Leptocybe
2018,-23.71117222,30.159825,Leptocybe
2018,-27.35786904,30.74542865,Leptocybe
2018,-24.97061344,30.89392067,Leptocybe
2018,-23.78898889,30.07715556,Leptocybe
2018,-23.70068611,30.15805278,Leptocybe
2018,-26.84846131,30.79743221,Leptocybe
2018,-29.00648153,30.69079066,Leptocybe
2018,-27.47154315,30.74509406,Leptocybe
2018,-27.20312706,30.83592814,Leptocybe
2018,-29.32107087,30.57865091,Leptocybe
2018,-27.03615368,30.86640591,Leptocybe
2018,-25.6671292,30.84635989,Leptocybe
2018,-23.71388889,30.08706667,Leptocybe
2018,-27.13291944,30.99239444,Leptocybe
2018,-25.11597049,30.9205357,Leptocybe
2018,-23.75245,30.18218333,Leptocybe
2018,-27.26809722,31.03011944,Leptocybe
2018,-23.79425278,30.04756667,Leptocybe
2018,-31.540798,28.4418111,Leptocybe
2018,-31.489904,28.437123,Leptocybe
2018,-31.54079,28.4418111,Leptocybe
2018,-31.479048,28.517086,Leptocybe
2018,-23.77746667,30.10508611,Leptocybe
2018,-31.41875,28.586701,Leptocybe
2018,-31.481824,28.5154965,Leptocybe
2018,-29.96407615,29.91573591,Leptocybe
2018,-25.64360541,30.5989892,Leptocybe
2018,-31.402525,28.603299,Leptocybe
2018,-25.01807495,31.07098227,Leptocybe
2018,-27.08959722,30.75444167,Leptocybe
2018,-23.72480556,30.09900556,Leptocybe
2018,-30.35266371,30.20796216,Leptocybe
2019,-27.10549594,31.03650053,Leptocybe
2019,-26.97667678,30.73034196,Leptocybe
2019,-27.09382903,30.80549761,Leptocybe
2019,-31.581773,28.392352,Leptocybe
2019,-31.54295,28.45165,Leptocybe
2019,-29.20588048,30.70132446,Leptocybe
2019,-23.72,30.11666667,Leptocybe
2019,-23.70666667,30.12416667,Leptocybe
2019,-23.67638889,30.1225,Leptocybe
2019,-29.40484251,30.38505551,Leptocybe
2019,-29.36488329,30.38010798,Leptocybe
2019,-29.35181729,30.32593603,Leptocybe
2019,-27.28583964,30.78145648,Leptocybe
2019,-29.89621952,29.94013079,Leptocybe
2019,-26.86907436,30.77762629,Leptocybe
2019,-29.93335423,29.88248938,Leptocybe
2019,-29.01423519,29.69931108,Leptocybe
2019,-29.06230087,29.62810513,Leptocybe
2019,-28.35261443,32.26957785,Leptocybe
2019,-29.868583,30.17621667,Leptocybe
2019,-29.81841667,30.21055,Leptocybe
2019,-27.87541667,31.79853646,Leptocybe
2019,-29.01744855,30.92247849,Leptocybe
2019,-26.65571083,30.50396705,Leptocybe
2019,-23.73472222,30.16222222,Leptocybe
2019,-23.70777778,30.15166667,Leptocybe
2019,-23.75138889,30.21194444,Leptocybe
2019,-23.71944444,30.21472222,Leptocybe
2019,-26.93388719,30.82136154,Leptocybe
2019,-29.83995426,30.15266994,Leptocybe
2019,-27.46569813,30.7541839,Leptocybe
2019,-27.47985631,30.76580073,Leptocybe
2019,-29.82933104,30.23417554,Leptocybe
2019,-25.7879768,31.1955045,Leptocybe
2019,-26.92099348,30.6394945,Leptocybe
2019,-26.96375029,30.66608411,Leptocybe
2019,-26.99857644,30.5823152,Leptocybe
2019,-29.22598159,30.44524876,Leptocybe
2019,-29.22512802,30.37334341,Leptocybe
2019,-26.86007463,30.85111185,Leptocybe
2019,-25.46867529,30.59890998,Leptocybe
2019,-30.62378814,29.967321,Leptocybe
2019,-29.39840556,30.11353889,Leptocybe
2019,-29.41996667,30.13664167,Leptocybe
2019,-29.0426227,30.81308602,Leptocybe
2019,-29.047,30.894,Leptocybe
2019,-27.33361568,30.72348563,Leptocybe
2019,-31.4818,28.422289,Leptocybe
2019,-31.472924,28.486182,Leptocybe
2019,-27.22111907,30.84953539,Leptocybe
2019,-28.62534878,31.48968909,Leptocybe
2019,-31.424291,28.524276,Leptocybe
2019,-31.405374,28.583283,Leptocybe
2019,-29.21751289,30.60812819,Leptocybe
2019,-29.5652215,30.28181125,Leptocybe
2019,-28.37318082,32.19485472,Leptocybe
2019,-27.46801307,30.68037853,Leptocybe
2019,-31.40427,28.757348,Leptocybe
2019,-31.410117,28.753974,Leptocybe
2019,-31.410459,28.756924,Leptocybe
2019,-31.413148,28.759891,Leptocybe
2019,-31.41207221,28.72687945,Leptocybe
2019,-28.10278457,32.41001404,Leptocybe
2019,-29.63153246,30.10879961,Leptocybe
2019,-27.5342522,30.53973672,Leptocybe
2019,-29.32541539,30.58216664,Leptocybe
2019,-26.52514602,30.71042063,Leptocybe
2019,-26.64042272,30.77081432,Leptocybe
2019,-30.13120284,29.9386847,Leptocybe
2019,-23.78222222,30.10611111,Leptocybe
2019,-23.78722222,30.05833333,Leptocybe
2019,-30.3996202,30.39796307,Leptocybe
2019,-28.57600396,32.22836936,Leptocybe
2019,-29.917022,29.826235,Leptocybe
2019,-29.923993,29.763153,Leptocybe
2019,-29.87663,29.734948,Leptocybe
2019,-27.3080854,30.70176552,Leptocybe
2019,-29.26683168,30.50075607,Leptocybe
2019,-29.4602994,30.24908466,Leptocybe
2019,-29.46054711,30.21139123,Leptocybe
2019,-29.04629214,30.99086446,Leptocybe
2019,-25.73096172,30.69155054,Leptocybe
2019,-27.11938072,30.90966603,Leptocybe
2019,-27.14255546,30.88742723,Leptocybe
2019,-27.55508242,30.79648507,Leptocybe
2019,-30.362476,29.838294,Leptocybe
2019,-30.281706,29.819522,Leptocybe
2019,-23.90694444,30.12388889,Leptocybe
2019,-23.88277778,30.05527778,Leptocybe
2019,-26.77277594,30.56770009,Leptocybe
2019,-27.02282728,30.61119774,Leptocybe
2019,-29.16336719,30.43855664,Leptocybe
2019,-29.10245826,30.49519757,Leptocybe
2019,-29.20630468,30.42959574,Leptocybe
2019,-29.64508421,29.73329989,Leptocybe
2019,-29.88047778,30.37251476,Leptocybe
2019,-26.93348659,30.58698338,Leptocybe
2019,-30.592937,29.692859,Leptocybe
2019,-30.557154,29.698969,Leptocybe
2019,-30.572111,29.744331,Leptocybe
2019,-30.624913,29.636844,Leptocybe
2019,-30.514022,29.743774,Leptocybe
2019,-30.648483,29.677117,Leptocybe
2019,-30.538489,29.666347,Leptocybe
2020,-29.88914804,29.92766445,Leptocybe
2020,-26.571992,30.741104,Leptocybe
2020,-26.569071,30.76494,Leptocybe
2020,-26.568748,30.763462,Leptocybe
2020,-29.64987679,29.6002523,Leptocybe
2020,-26.875804,30.39209,Leptocybe
2020,-27.070128,30.567172,Leptocybe
2020,-26.98404066,30.63629464,Leptocybe
2020,-28.97919946,30.61534672,Leptocybe
2020,-30.592615,29.871751,Leptocybe
2020,-26.92025003,30.6777009,Leptocybe
2020,-27.06293881,30.82011139,Leptocybe
2020,-28.99867564,30.7227572,Leptocybe
2020,-31.582625,28.399043,Leptocybe
2020,-27.71413127,30.73985456,Leptocybe
2020,-26.14387635,30.38964939,Leptocybe
2020,-29.10805,30.63776667,Leptocybe
2020,-23.816077,30.064387,Leptocybe
2020,-31.583577,28.405634,Leptocybe
2020,-31.405816,28.569549,Leptocybe
2020,-26.98717268,30.56642196,Leptocybe
2020,-27.346455,30.684589,Leptocybe
2020,-25.90401888,31.10934037,Leptocybe
2020,-30.584287,29.70937,Leptocybe
2020,-25.82965452,31.07062906,Leptocybe
2020,-26.89670135,30.70541826,Leptocybe
2020,-23.795149,30.05938,Leptocybe
2020,-27.52795556,30.64451111,Leptocybe
2020,-30.557425,29.682465,Leptocybe
2020,-26.93926108,30.67599596,Leptocybe
2020,-26.97220481,30.69310986,Leptocybe
2020,-30.362977,29.837493,Leptocybe
2020,-30.18178259,29.99131633,Leptocybe
2020,-23.756103,30.162372,Leptocybe
2020,-29.918869,29.826463,Leptocybe
2020,-25.90962627,30.39981043,Leptocybe
2020,-29.33517483,30.16584782,Leptocybe
2020,-29.961457,29.780832,Leptocybe
2020,-30.60426,29.842989,Leptocybe
2020,-29.41501667,30.148775,Leptocybe
2020,-31.438597,28.5071,Leptocybe
2020,-30.584865,29.673256,Leptocybe
2020,-30.571167,29.776756,Leptocybe
2020,-23.766185,30.152579,Leptocybe
2020,-26.50958118,30.70795186,Leptocybe
2020,-30.597443,29.636115,Leptocybe
2020,-30.5968,29.8737,Leptocybe
2020,-29.92476175,30.18238384,Leptocybe
2020,-27.133231,30.987912,Leptocybe
2020,-29.24071295,30.59136781,Leptocybe
2020,-29.949292,29.801111,Leptocybe
2020,-27.197211,30.994826,Leptocybe
2020,-30.550669,29.740619,Leptocybe
2020,-23.822605,30.095668,Leptocybe
2020,-30.38366375,30.35697718,Leptocybe
2020,-29.3548376,30.3819963,Leptocybe
2020,-26.68600242,30.3908026,Leptocybe
2020,-23.775068,30.200568,Leptocybe
2020,-30.60426,29.842989,Leptocybe
2020,-27.122217,30.971526,Leptocybe
2020,-25.51271173,30.83068259,Leptocybe
2020,-28.5466639,32.2051261,Leptocybe
2020,-28.56611383,32.09753324,Leptocybe
2020,-23.709059,30.114176,Leptocybe
2020,-29.82699444,30.19245278,Leptocybe
2020,-29.26413177,30.39722246,Leptocybe
2020,-31.401117,28.573832,Leptocybe
2020,-29.92819547,30.29778881,Leptocybe
2020,-29.40329098,30.24590261,Leptocybe
2020,-29.48650458,30.55301092,Leptocybe
2021,-31.46589429,28.5218887,Leptocybe
2021,-31.45794894,28.55197733,Leptocybe
2021,-31.42263313,28.57377236,Leptocybe
2021,-31.38978576,28.60326714,Leptocybe
2021,-31.41618056,28.75796158,Leptocybe
2021,-31.42187272,28.75571512,Leptocybe
2021,-30.61490278,29.65707028,Leptocybe
2021,-29.091385,30.80261,Leptocybe
2021,-29.197738,30.690373,Leptocybe
2021,-28.98145101,30.66535316,Leptocybe
2021,-29.10805556,30.63722222,Leptocybe
2021,-29.846209,30.228084,Leptocybe
2021,-29.086747,30.804974,Leptocybe
2021,-29.39064149,30.25545598,Leptocybe
2021,-29.43769424,30.13945273,Leptocybe
2021,-29.149,30.499,Leptocybe
2021,-29.042,29.484,Leptocybe
2021,-29.102381,30.530149,Leptocybe
2021,-23.71016158,30.11488888,Leptocybe
2021,-23.67785254,30.12059623,Leptocybe
2021,-23.70890772,30.11109929,Leptocybe
2021,-23.71465107,30.10756496,Leptocybe
2021,-23.75873099,30.07240832,Leptocybe
2021,-23.76190585,30.08103537,Leptocybe
2021,-23.83104517,30.09553141,Leptocybe
2021,-23.7954946,30.08267786,Leptocybe
2021,-23.8028572,30.07312011,Leptocybe
2021,-23.88904543,30.04752394,Leptocybe
2021,-23.9387052,30.07584384,Leptocybe
2021,-23.88811602,30.03686951,Leptocybe
2021,-23.89646393,30.0392231,Leptocybe
2021,-26.604,30.762,Leptocybe
2021,-25.75420164,30.79164652,Leptocybe
2021,-25.85303184,31.00743155,Leptocybe
2021,-25.62945586,30.82058003,Leptocybe
2021,-27.0717711,30.56258711,Leptocybe
2021,-26.698,30.746,Leptocybe
2021,-26.97124469,30.95673417,Leptocybe
2021,-26.99937082,30.57020236,Leptocybe
2021,-26.742082,30.588634,Leptocybe
2021,-26.735277,30.610398,Leptocybe
2021,-26.939,30.847,Leptocybe
2021,-26.919429,30.846582,Leptocybe
2021,-26.945,30.848,Leptocybe
2021,-26.575358,30.787704,Leptocybe
2021,-27.03969785,30.82868706,Leptocybe
2021,-27.12658496,30.9670393,Leptocybe
2021,-26.04534048,30.29627421,Leptocybe
2021,-26.764015,30.549044,Leptocybe
2021,-26.600259,30.739337,Leptocybe
2021,-27.2989768,30.7683633,Leptocybe
2021,-27.20611153,31.00326036,Leptocybe
2021,-26.8133,30.61254,Leptocybe
2021,-26.97589639,30.82151954,Leptocybe
2021,-26.36360282,30.62610025,Leptocybe
2021,-26.1965933,30.71947592,Leptocybe
2021,-27.329,30.744,Leptocybe
2021,-27.4948925,30.6429391,Leptocybe
2021,-27.5077147,30.6790916,Leptocybe
2021,-27.5211891,30.6355386,Leptocybe
2021,-27.714896,30.7401863,Leptocybe
2021,-27.312,30.728,Leptocybe
2021,-27.32104742,30.72386774,Leptocybe
2021,-27.36183428,30.89284002,Leptocybe
2021,-29.77528999,29.7398383,Leptocybe
2021,-29.88880379,29.76221962,Leptocybe
2021,-29.991,29.787,Leptocybe
2021,-29.62850171,29.58326022,Leptocybe
2021,-30.626496,29.68141735,Leptocybe
2021,-30.57082221,29.68481621,Leptocybe
2021,-30.59500548,29.63273674,Leptocybe
2021,-30.58981345,29.636219,Leptocybe
2021,-30.561186,29.67618655,Leptocybe
2021,-28.559,32.185,Leptocybe
2021,-28.54412285,32.13510435,Leptocybe
